cut,block,tc_in,tc_out,dur_s,vo_segment,picture_source,camera_motion,overlay_infographic,disclosure_note,actual_in,actual_out
C001,B01,0:00.00,0:02.54,2.5,트램인데 레일이 없습니다.,FL01 바퀴 구름 a,"고정 저각, 바퀴만 굴러감",OV-01 고스트 레일: 점선 레일 2줄이 노면에 그려졌다가 ✕와 함께 지워짐 → '레일 없음',AI 재현 배지,,
C002,B01,0:02.54,0:05.32,2.8,이 차는 고무바퀴로 달립니다.,FL11 타이어 접지 매크로 a,"극접사, 느린 구름",라벨 '고무바퀴' + 접지면 윤곽 하이라이트(얇은 선),,,
C003,B02,0:05.32,0:08.33,3.0,도로 속 자석을 길잡이로 삼도록,FL03 빈 노면 a,"고정, 나뭇잎만 흔들림",OV-02 X-ray 컷어웨이: 노면 일부가 반투명해지며 매립 자석 마커 3개가 아이콘으로 드러남 · '개념도',마커 간격·깊이 수치 없음,,
C004,B02,0:08.33,0:11.10,2.8,개발된 바이모달 트램입니다.,FL02 KF05 푸시인,아주 느린 푸시인,로어서드 타이틀 '바이모달 트램 Bimodal Tram' + 칩 3개: 굴절 2량 · 고무바퀴 · 자기유도 개발,실제 청라 차량 아님,,
C005,B03,0:11.10,0:14.44,3.3,"레일을 없애면, 차를 이끄는 일과",FL03 빈 노면 b,고정,OV-03 질문 칩 ① '방향을 이끄는 일 ?' (왼쪽 1/3),,,
C006,B03,0:14.44,0:18.04,3.6,무게를 버티는 일은 누가 맡을까요?,FL11 타이어 접지 매크로 b,극접사,질문 칩 ② '무게를 버티는 일 ?' 추가 → 두 칩 0.5초 정지,칩은 B07에서 답으로 회수,,
C007,B04,0:18.04,0:22.13,4.1,도로 속 자석은 위치 기준점입니다.,CG-04 자기유도 탑뷰 개념도(풀 CG),"CG 2.5D, 느린 줌아웃",차로 위 점선 마커 열 + 차량 실루엣 · 라벨 '자석 = 위치 기준점',개념도 배지,,
C008,B04,0:22.13,0:26.52,4.4,차 아래 센서가 그 자기장을 읽습니다.,FL12 차량 하부 센서 → (0.5초 뒤 하드컷) FL04 MAG 센서 통과 a,FL12: 저각 고정 / FL04: 센서만 좌→우,라벨 '센서' → OV-04 마커 위 얇은 등자기선(정적) + 통과 시 '감지' 펄스 1회,FL12 실패 시 FL04 단독 · 발광·빔 금지,,
C009,B05,0:26.52,0:30.37,3.8,"제어장치는 이 정보로 차의 위치를 판단하고,","CG-05 제어 루프(풀 CG, 배경=FL04 흐림)",CG,감지 → [위치 판단] 하이라이트 → 조향 보정 순환 화살표,개념도,,
C010,B05,0:30.37,0:34.21,3.8,기준 경로를 따라가도록 조향을 보정합니다.,FL13 앞바퀴 조향,"고정, 앞바퀴만 좌우 몇 도",PIP 탑뷰 미니맵(우상단): 차량 궤적이 기준선(점선)에서 벗어났다가 복귀 · '조향 보정',미니맵은 CG 개념도,,
C011,B06,0:34.21,0:37.42,3.2,이 방식을 자동유도라고 부르겠습니다.,FL05 KF07 상부 드리프트 a,아주 느린 측면 드리프트,대형 키워드 '자동유도' (Automatic Guidance),노면 사각판에 마커 라벨 금지,,
C012,B06,0:37.42,0:40.63,3.2,자석이 차를 끌어당기는 것은 아닙니다.,CG-06 자석 흡인 부정(풀 CG),CG,자석 아이콘+흡인 화살표에 ✕ / '위치 기준 ○' 대비,,,
C013,B07,0:40.63,0:43.29,2.7,"추진장치가 차를 움직이고,",ST KF05 (편집 2% 푸시),디지털 푸시,OV-07a 축에서 수평 화살표 '추진장치 → 움직임',,,
C014,B07,0:43.29,0:48.13,4.8,차량의 무게는 타이어를 거쳐 도로로 전달됩니다.,FL11 타이어 접지 매크로 c,극접사,OV-07b 수직 화살표 차체→타이어→도로(접지면 아래 압력 퍼짐) + 코너에 B03 칩 회수 '이끄는 일 ✓ 차량 / 버티는 일 ✓ 타이어·도로',,,
C015,B08,0:48.13,0:51.67,3.5,"도로를 위에서 보면, 왼쪽과 오른쪽 바퀴가",FL06 탑뷰 통과 a (실패 시 ST KF07 + CG 차량 실루엣 이동),"고정 탑뷰, 차량 우→좌 통과",라벨 '위에서 본 도로' + 진행 방향 화살표 + 좌·우 바퀴 점 표시,AI 재현,,
C016,B08,0:51.67,0:56.46,4.8,지나가는 자리가 있습니다. 화면의 두 띠가 그 경로입니다.,ST WET_CLEAN (기준 프레임),정지,OV-08 좌·우 바퀴 경로 2줄이 우→좌로 그려짐 → 두 띠 펄스 1회 · 라벨 '왼쪽 바퀴 / 오른쪽 바퀴',원리 비교 · 실험 결과 아님,,
C017,B09,0:56.46,0:58.73,2.3,같은 차가 같은 도로를,"CG-09 통제조건(풀 CG, 배경=KF07 흐림)",CG,체크 칩 '같은 차 ✓' '같은 도로 ✓',가정 · 실험 아님,,
C018,B09,0:58.73,1:02.76,4.0,같은 횟수로 지난다고 가정하겠습니다.,CG-09 통제조건,CG,'같은 횟수 ✓' + 통과 카운터 0→N (이후 컷 공통 카운터),,,
C019,B09,1:02.76,1:07.29,4.5,바꾸는 것은 바퀴가 지나가는 위치뿐입니다.,ST WET_CLEAN (기준 프레임),정지,각 띠에 상하 ↕ 화살표 · 칩 '바꾸는 것: 위치',,,
C020,B10,1:07.29,1:10.34,3.1,여러 번 지나갈 때 바퀴 위치는,FL06 탑뷰 통과 b,고정 탑뷰,통과 카운터 아이콘 '+1',,,
C021,B10,1:10.34,1:12.38,2.0,조금씩 달라집니다.,ST WET_CLEAN (기준 프레임),정지,"OV-10a 통과선이 한 줄씩 그려짐(매 통과는 직선, 좌우 위치만 다름) · 카운터 증가",지그재그 주행 금지,,
C022,B10,1:12.38,1:16.44,4.1,이 좌우 분산을 휠 원더링이라고 합니다.,ST WET_CLEAN (기준 프레임),정지,OV-10b 누적 통과선 → 넓은 밀도 띠 + 우측 분포곡선(넓음) · 키워드 '휠 원더링 Wheel Wandering',,,
C023,B10,1:16.44,1:19.75,3.3,양쪽 자국이 각각 넓게 퍼집니다.,ST WET_A (실사 참고),정지(편집 이동 없음),폭 브래킷 ⟷ '넓은 폭' (양쪽 각각),AI 재현 · 원리 비교,,
C024,B11,1:19.75,1:23.05,3.3,"같은 중심 경로를 정확히 반복하면,",ST WET_CLEAN (기준 프레임),정지,OV-11a 통과선이 같은 중심에 겹쳐 그려짐 · 카운터 증가(같은 N까지),,,
C025,B11,1:23.05,1:26.82,3.8,하중이 각각 좁은 띠에 모일 수 있습니다.,ST WET_B (실사 참고) 하드컷,정지,같은 스타일 브래킷 '좁은 폭' + 우측 분포곡선(좁고 높음),A→B 디졸브·모핑 금지 / 진하기≠하중,,
C026,B11,1:26.82,1:30.36,3.5,차 전체의 통과 횟수는 앞과 같습니다.,CG-12 비교 카운터(풀 CG),CG,'앞: N회 = 지금: N회',,,
C027,B12,1:30.36,1:33.30,2.9,차가 무거워진 게 아닙니다.,CG-12 비교표(배경=WET_B 흐림),CG,행① 차 무게  =  (같음),,,
C028,B12,1:33.30,1:37.31,4.0,한 번 누르는 힘이 커진 것도 아닙니다.,CG-12 비교표,CG,행② 1회 누르는 힘  =  (같음),,,
C029,B12,1:37.31,1:42.65,5.3,같은 지점이 하중을 받는 횟수가 늘어나는 겁니다.,FL14 휠 트래킹 시험기 a,"고정, 바퀴가 같은 선 왕복",카운터 '×N' 같은 지점 표시점 · 행③ '같은 지점 반복 횟수 ↑',AI 재현 · 홈 생성 장면 없음,,
C030,B12,1:42.65,1:44.15,1.5,(VO 없음 · 관찰 홀드),ST WET_B,정지 · 관찰 홀드(VO 없음),행①②③ 비교표 축소판이 우측에 남음,+1.5초 홀드,,
C031,B13,1:44.15,1:47.24,3.1,이제 주행 방향에 직각인 횡단면입니다.,CG-13 단면 슬라이스(풀 CG),CG 2.5D,도로 블록을 주행 방향에 직각으로 자르는 평면 → 단면 회전 노출 · 주행방향 ⊗ 기호,,,
C032,B13,1:47.24,1:50.17,2.9,처음 표면은 평평합니다.,ST RUT_0,정지,층 라벨 표층/기층/노상 + 표면 윤곽선 평평 트레이스,형상 과장 배지 · +1초 홀드,,
C033,B14,1:50.17,1:54.81,4.6,"반복 하중을 견디지 못하면, 두 바퀴 경로에 변형이 남을 수 있습니다.",ST RUT_1 하드컷(RUT_0와 같은 구도),정지,표면 윤곽선 트레이스(두 처짐) + 위쪽 바퀴 아이콘 2개 정렬,성장·용융 애니메이션 금지,,
C034,B14,1:54.81,1:57.56,2.7,눌렸다가 돌아오는 변화와는 다릅니다.,CG-14 탄성 vs 잔류(풀 CG),CG,좌: 눌림→복원(0으로 복귀) / 우: 눌림→일부 남음 · 수치 없음,개념도,,
C035,B15,1:57.56,2:01.08,3.5,"통과 뒤에도 남는 변형이 쌓여,",CG-14b 누적 계단 그래프,CG,통과마다 잔류분이 계단처럼 쌓임 · 축: 통과 횟수 / 남는 변형(눈금 없음),,,
C036,B15,2:01.08,2:04.90,3.8,주행 방향으로 긴 홈이 되는 현상.,ST RUT_2 하드컷,정지,홈 윤곽 트레이스 + 홈을 따라 안쪽으로 '주행 방향' 화살표,,,
C037,B15,2:04.90,2:08.75,3.8,이것이 러팅입니다.,ST RUT_2,정지 + 관찰 홀드,키워드 '러팅 Rutting · 소성변형',형상 과장 · 실험 결과 아님 · +1.5초 홀드,,
C038,B16,2:08.75,2:11.68,2.9,지금 본 것은 일반 원리입니다.,FL03 빈 노면 c,고정,"챕터 마커 '4장' 예고 없이, 칩 '일반 원리'",,,
C039,B16,2:11.68,2:15.59,3.9,이 원리만으로 청라 차량의 고장 원인을,CG-16 경계 카드(풀 CG),CG,좌 '일반 원리' | 우 '청라 기록' 세로 구분선,RUT 이미지 위에 청라 문구 금지,,
C040,B16,2:15.59,2:17.79,2.2,설명할 수는 없습니다.,CG-16,CG,구분선 위 스탬프 '원인 규명 아님',,,
C041,B16,2:17.79,2:20.96,3.2,청라의 기록은 따로 보겠습니다.,CG-16 → CG-17 전환,CG 와이프,구분선이 밀려 타임라인 축으로 변함 · 챕터 '4장 청라의 기록',,,
C042,B17,2:20.96,2:23.71,2.8,"이천십팔년 사월, 인천교통공사는",CG-17 청라 타임라인(배경=KF05 흐림 30%),CG 좌→우 팬,노드 2018.04.18 · 발표 주체 '인천교통공사',편집 요약 · 원문 화면 아님,,
C043,B17,2:23.71,2:26.46,2.8,청라에 바이모달 트램 네 대를 넣고,CG-17,CG,'네 대 투입 발표' + 차량 아이콘 4개 순차,,,
C044,B17,2:26.46,2:29.21,2.8,운행을 시작한다고 발표했습니다.,CG-17 타임라인,CG,하위 노드 4.21 '운행 예정(발표)' / 2018.06 '운행개시 공지',출처: 인천교통공사 2018.04.18·06.11,,
C045,B18,2:29.21,2:31.73,2.5,개발과 제도 정비가 늦어져,CG-17 타임라인,CG 좌측 팬,노드 2017.06 '도입계획' → 칩 '개발·제도 정비 지연',출처: 인천경제청 2017.06.26,,
C046,B18,2:31.73,2:34.93,3.2,인증된 차량을 먼저 투입했습니다.,CG-17 타임라인,CG,2018 노드에 칩 '인증 차량 우선 투입',,,
C047,B18,2:34.93,2:39.96,5.0,자동유도는 당시 이천이십년 이후의 계획이었습니다.,CG-17 타임라인,CG 우측 팬,점선 노드 '2020 이후 · 자동유도 (당시 계획)' · 범례 실선=발표된 시행 / 점선=당시 계획,출처: 인천경제청 2018.02.05,,
C048,B19,2:39.96,2:42.94,3.0,이천이십년 기관 자료에는,FL07 정비고 돌리인 a,느린 돌리인,배지 '2020.12 기관 자료',AI 설명용 이미지 · 실제 고장 부위 아님,,
C049,B19,2:42.94,2:46.73,3.8,"차체와 퓨즈, 누유 문제가 나옵니다.",FL07 정비고 b,느린 돌리인,OV-18 칩 3개 순차 '차체 · 퓨즈 · 누유' (차량 특정 부위에 화살표 금지),,,
C050,B19,2:46.73,2:48.90,2.2,기관은 차체 보강과,CG-18 조치 칩(배경=FL07 흐림),CG,칩 변환: 차체→'보강',출처: 인천교통공사·인천경제청 2020.12,,
C051,B19,2:48.90,2:51.88,3.0,퓨즈 개선을 설명했습니다.,CG-18,CG,칩 변환: 퓨즈→'개선' · 누유 칩은 그대로(B20에서 회수),,,
C052,B20,2:51.88,2:55.06,3.2,인천경제청은 보수와 검증 뒤,CG-17 타임라인,CG 우측 팬,노드 2020.12 발표 · 주체 '인천경제청',,,
C053,B20,2:55.06,2:58.50,3.4,정상 운행 중이라고 밝혔습니다.,CG-17 타임라인,CG,노드 라벨 '11.09부터 정상 운행 (기관 설명)',,,
C054,B20,2:58.50,3:03.00,4.5,다만 누유 등 일부 보수는 남아 있었습니다.,CG-17 타임라인 전체,CG 줌아웃,하위 칩(앰버) '일부 누유 보수: 진행·계획' → 전체 타임라인 한 화면 · 출처 줄,'모든 결함 영구 해결' 표현 금지,,
C055,B21,3:03.00,3:05.79,2.8,서울의 일부 버스정류장 앞에는,FL08 정류장 앰비언스 (KF01-H),"고정, 나무만",챕터 '5장 정류장 포장',실제 서울 촬영 아님,,
C056,B21,3:05.79,3:09.00,3.2,콘크리트로 포장한 구간이 있습니다.,FL16 콘크리트·아스팔트 경계 접사,"고정, 타이어가 경계를 넘음",경계선 하이라이트 · 라벨 '콘크리트 | 아스팔트',,,
C057,B22,3:09.00,3:12.06,3.1,버스가 비슷한 자리에서 서고,FL15 버스 정차,고정,OV-19a 정차 순간 수평 화살표 '제동',,,
C058,B22,3:12.06,3:15.13,3.1,출발하며 하중을 반복합니다.,FL09 버스 출발 (KF02),고정,OV-19b 화살표 '출발' + 반복 ↻ 아이콘,,,
C059,B22,3:15.13,3:18.45,3.3,"하중과 온도, 반복 조건을 고려해",ST KF02 (편집 2% 푸시),디지털 푸시,CG-19 아이콘 3개 순차: 하중⬇ / 온도 / 반복↻ · 콘크리트 패드 영역 하이라이트,,,
C060,B22,3:18.45,3:21.00,2.6,포장을 설계해야 합니다.,CG-19 (같은 배경),CG,세 아이콘이 '포장 설계' 박스로 모임,,,
C061,B23,3:21.00,3:25.25,4.3,서울시는 이천십년 공항대로에 콘크리트 포장을 시험했습니다.,CG-20 서울 사례(배경=KF01 흐림),CG,노드 2010 '공항대로 시범',출처: 서울시 2020.07 (캡처·디자인 재사용 금지),,
C062,B23,3:25.25,3:29.83,4.6,이천이십년에는 정류장 여덟 곳에 적용을 추진한다고 발표했습니다.,CG-20,CG,타일 8개 등장 → 3개 채움 '당시 완료(경인로1·공항대로2)' / 5개 외곽선 '당시 계획(송파대로5)',,,
C063,B24,3:29.83,3:34.73,4.9,"정밀한 주행을 쓰려면, 하중이 모이는 위치도",ST WET_B (콜백),정지,챕터 '6장' · 좁은 띠 하이라이트 '하중이 모이는 위치',,,
C064,B24,3:34.73,3:38.00,3.3,포장 설계에 반영해야 합니다.,FL10 슬래브 안착 (KF04),고정,OV-21 슬래브 위 좁은 띠 2개 하이라이트 → '설계 입력',실제 현장 시공 아님,,
C065,B25,3:38.00,3:41.23,3.2,이천구년 출원된 국내 특허에도,CG-22 특허 카드(풀 CG),CG,"KR100972385B1 · 2009 출원 · 2010 공고 (문서 아이콘, 가짜 원문 화면 금지)",편집 요약 · 원문 화면 아님,,
C066,B25,3:41.23,3:44.71,3.5,집중하중과 포장 변형이 나옵니다.,CG-22,CG,칩① '집중하중 · 포장 변형' + 미니 도해(바퀴→좁은 띠),,,
C067,B25,3:44.71,3:47.94,3.2,"콘크리트와 변형을 줄이는 재료,",CG-22,CG,칩② '콘크리트 · 변형을 줄이는 재료',,,
C068,B25,3:47.94,3:50.67,2.7,보수 방안도 함께 다룹니다.,CG-22,CG,칩③ '보수 방안' · 출처: 특허 원문,,,
C069,B26,3:50.67,3:55.19,4.5,아래 지지층과 시공 품질도 함께 봐야 합니다.,FL18 RUT_0 푸시인(하부층),느린 푸시인,라벨 '지지층(기층) · 노상' 하이라이트 → 칩 '시공 품질',형상 과장,,
C070,B26,3:55.19,4:00.46,5.3,다만 특허가 실제 청라 시공을 입증하지는 않습니다.,CG-23 한계 스탬프,CG,스탬프 '특허 ≠ 청라 시공 증거',,,
C071,B27,4:00.46,4:03.09,2.6,자율주행차의 좌우 분산과,FL17 자율주행차 탑뷰,"고정 탑뷰, 차로 중앙 주행",라벨 '자율주행차 (일반 개념 재현)',브랜드·로고 금지,,
C072,B27,4:03.09,4:06.67,3.6,포장 영향을 연구한 사례도 있습니다.,CG-24 연구 카드,CG,"Zhou 외, 2019 · Transportation Research Record · 수치 없음",출처 하단,,
C073,B28,4:06.67,4:09.13,2.5,그 연구는 통과 위치의,ST WET_B,정지,좁은 분포곡선 콜백,,,
C074,B28,4:09.13,4:11.60,2.5,분산도 검토했습니다.,ST WET_A 하드컷,정지,"분포곡선이 넓어짐(CG만 변함, 사진은 하드컷) · '분산 제어 검토'",연구 단계 · 도입 효과 별도 검증,,
C075,B28,4:11.60,4:16.25,4.7,하중을 어떻게 나눌지도 설계 과제입니다.,CG-24 (배경=WET_A 흐림),CG,키워드 '하중 분산 = 설계 과제',,,
C076,B29,4:16.25,4:20.95,4.7,정확하게 달리는 기술은 장점입니다.,FL05 KF07 상부 드리프트 b,느린 드리프트,챕터 '7장' · 칩 '정밀 주행 = 장점',,,
C077,B29,4:20.95,4:23.46,2.5,그 장점을 살리려면,CG-25 시스템 루프(배경=FL05 흐림),CG,노드 '차량' 등장,,,
C078,B29,4:23.46,4:25.97,2.5,"차량과 도로, 정비가",CG-25,CG,노드 '도로' '정비' 등장 → 삼각 연결,,,
C079,B29,4:25.97,4:28.79,2.8,함께 설계돼야 합니다.,CG-25,CG,세 노드가 순환 화살표로 닫힘 '함께 설계',,,
C080,B30,4:28.79,4:32.47,3.7,바퀴가 지나간 뒤에도 남는 길까지,FL01 바퀴 구름 c,고정 저각,오버레이 없음 (호흡),,,
C081,B30,4:32.47,4:34.83,2.4,함께 설계해야 합니다.,FL03 빈 노면 d (하드컷),고정,오버레이 없음,,,
C082,B31,4:34.83,4:38.22,3.4,"레일은 없앨 수 있어도,",FL03 빈 노면 d 이어짐,고정,OV-01 콜백: 고스트 레일이 아주 옅게 떠올랐다 사라짐,,,
C083,B31,4:38.22,4:43.50,5.3,길의 설계까지 없앨 수는 없습니다.,FL03 빈 노면 d 홀드 + 엔드카드,"고정, 3초 홀드",마지막 문장 타이포(선택) → 엔드카드,구름음만 멀어짐,,
