block,chapter,shot,vo,hangul_syllables,est_vo_sec_5.2syl,asset,flow_job_or_motion,transition_in,gfx_editor_overlay,disclosure,source_ids,actual_vo_sec,final_in,final_out
B01,0 레일 없는 차,S01,"트램이지만, 바닥에 레일이 없습니다. 대신 일반 도로 위를 고무바퀴로 달립니다.",32,6.2,04_ASSETS/LOOP_WHEEL_L_FHD_UPSCALED.jpg,F01 바퀴 구름(구간 a),컷 인,고무바퀴,AI 재현,,,,
B02,0 레일 없는 차,S02,"도로 속에 묻힌 자석을 길잡이 삼아 달리도록 개발된 차, 바로 바이모달 트램입니다.",33,6.3,04_ASSETS/KF05_L_FHD_UPSCALED.jpg,F02 카메라 푸시인,하드컷,바이모달 트램,AI 재현,S06,,,
B03,0 레일 없는 차,S03,"그렇다면 레일이 사라진 자리, 차를 이끌고 그 무게를 버텨내는 일은 과연 누가 맡게 될까요?",36,6.9,04_ASSETS/LOOP_EMPTY_L_FHD_UPSCALED.jpg,F03 빈 노면 앰비언스,하드컷,길을 이끄는 일 / 무게를 버티는 일 (순차),AI 재현,,,,
B04,1 자석이 하는 일,S04,"도로 속 자석은 추진력을 주는 게 아니라, 일종의 위치 기준점입니다.",27,5.2,04_ASSETS/MAG_L_FHD_UPSCALED.jpg,정지(F04 앞 프레임),하드컷,추진력 ✕ / 위치 기준점 ○,AI 재현 · 교육용 모형,S06,,,
B05,1 자석이 하는 일,S05,"차체 아래 센서가 그 자기장을 감지하면, 제어장치가 차의 현재 위치를 계산해 정해진 경로를 벗어나지 않도록 조향을 보정합니다.",52,10.0,04_ASSETS/MAG_L_FHD_UPSCALED.jpg,F04 센서 비접촉 통과,같은 화면 이어짐,감지 → 위치 계산 → 조향 보정,AI 재현 · 교육용 모형,S06,,,
B06,1 자석이 하는 일,S06,이것이 자동유도입니다. 자석이 레일처럼 차를 끌어당기는 것이 아닙니다.,30,5.8,04_ASSETS/KF07_L_FHD_UPSCALED.jpg,F05 상부 카메라 미세 드리프트,하드컷,자동유도,AI 재현 · 실제 청라 경로 아님,S06,,,
B07,1 자석이 하는 일,S07,"차를 움직이는 건 차체 안의 구동계이고, 차의 무게는 고무 타이어를 거쳐 노면으로 고스란히 전달됩니다.",42,8.1,04_ASSETS/LOOP_WHEEL_L_FHD_UPSCALED.jpg,F01 바퀴 구름(구간 b) 또는 정지,하드컷,구동계 → 타이어 → 노면,AI 재현,,,,
B08,"2 같은 횟수, 다른 위치",S08,"하늘에서 도로를 내려다보면, 좌우 두 바퀴가 지나가는 길이 보입니다.",28,5.4,04_ASSETS/WET_CLEAN_L_FHD_UPSCALED.jpg,F06 탑뷰 통과(선택) / 실패 시 CLEAN 정지+라벨,하드컷,위에서 본 도로 / 진행 방향 / 좌·우 바퀴 길,"AI 재현 · 원리 비교, 실험 결과 아님",,,,
B09,"2 같은 횟수, 다른 위치",S09,"같은 차량이, 같은 도로를, 똑같은 횟수로 달린다고 가정해 보겠습니다. 달라지는 건 오직 바퀴가 닿는 위치뿐입니다.",46,8.8,04_ASSETS/WET_CLEAN_L_FHD_UPSCALED.jpg,정지,같은 화면 이어짐,같은 차량 · 같은 하중 · 같은 횟수,AI 재현 · 원리 비교,,,,
B10,"2 같은 횟수, 다른 위치",S10,"사람이 운전하면, 지나갈 때마다 바퀴 위치가 좌우로 조금씩 달라집니다. 공학에서는 이 좌우 분포를 휠 원더링이라고 부릅니다. 이 작은 차이 덕분에 바퀴 자국은 좌우로 넓게 퍼지고, 하중도 나뉩니다.",79,15.2,04_ASSETS/WET_A_L_FHD_UPSCALED.jpg,정지(모션 금지),하드컷,휠 원더링 (Wheel Wandering) / 여러 번 통과의 분포,AI 재현 · 원리 비교,S07 S13,,,
B11,"2 같은 횟수, 다른 위치",S11,"하지만 정밀한 센서가 한 치의 오차도 없이 같은 중심선만 반복해서 따라간다면 어떻게 될까요? 통과 횟수는 같지만, 하중은 양쪽 바퀴마다 좁은 띠 하나로 몰리게 됩니다.",67,12.9,04_ASSETS/WET_B_R7_SELECTED_NATIVE_LIMITED.png,정지(A→B 모핑·디졸브 금지),하드컷,같은 중심 · 더 좁은 폭,AI 재현 · 원리 비교,,,,
B12,"2 같은 횟수, 다른 위치",S11,"차가 더 무거워진 것도, 한 번 누르는 힘이 커진 것도 아닙니다. 그저 정확히 같은 지점이 하중을 받는 횟수가 훨씬 많이 쌓일 뿐입니다.",52,10.0,04_ASSETS/WET_B_R7_SELECTED_NATIVE_LIMITED.png,정지 홀드 2초,같은 화면 이어짐,하중은 같다 / 반복 위치가 같아진다,AI 재현 · 원리 비교,,,,
B13,3 남는 변형,S12,"이제 주행 방향에 직각으로 자른 도로의 단면을 보겠습니다. 처음 시공했을 때, 노면은 평평합니다.",39,7.5,04_ASSETS/RUT_0_L_FHD_UPSCALED.jpg,정지,하드컷,주행 방향에 직각인 단면 / 초기 상태,AI 재현 · 형상 과장,,,,
B14,3 남는 변형,S13,"하지만 좁은 폭에 반복되는 하중을 버티지 못하면, 두 바퀴가 지나간 자리에 변형이 남기 시작합니다. 눌렸다가 되돌아오는 대신, 눌린 만큼이 조금씩 그대로 남는 것이죠.",67,12.9,04_ASSETS/RUT_1_R7_SELECTED.png,정지(성장 애니메이션 금지),같은 구도 하드컷,두 바퀴 길 / 누적 상태,AI 재현 · 형상 과장,S06,,,
B15,3 남는 변형,S14,"차가 지나간 뒤에도 복원되지 않고, 바퀴 길을 따라 길게 파인 홈으로 쌓여 가는 현상. 공학에서는 이를 소성변형, 즉 러팅이라고 부릅니다.",54,10.4,04_ASSETS/RUT_2_R7_SELECTED.png,정지 홀드 2초,같은 구도 하드컷,소성변형 = 러팅 (Rutting),AI 재현 · 형상 과장 · 실험 결과 아님,S06 S14,,,
B16,4 청라의 기록,S15,물론 이것은 도로와 차량이 만나는 곳에서 일어나는 일반적인 원리입니다. 이 원리로 청라에 투입됐던 바이모달 트램의 문제를 설명할 수는 없습니다. 당시 기록은 다른 이야기를 하고 있습니다.,77,14.8,04_ASSETS/LOOP_EMPTY_L_FHD_UPSCALED.jpg,F03 재사용(다른 구간),하드컷,일반 원리 ≠ 청라 원인,AI 재현,,,,
B17,4 청라의 기록,S16a,"이천십팔년 사월, 인천교통공사는 청라 노선에 바이모달 트램 네 대를 투입한다고 발표했습니다. 다만 기술 개발과 제도 정비가 늦어지면서, 자동유도 없이 운전자가 직접 모는 방식으로 먼저 운행에 들어갔습니다. 자동유도는 이천이십년 이후의 계획이었죠.",103,19.8,EVIDENCE_2018 (편집 카드),Flow 사용 안 함 · 배경=KF05 흐림,하드컷,2018.04 발표: 네 대 투입,편집 요약 · 원문 화면 아님,S11 S10,,,
B17,4 청라의 기록,S16b,(위 블록 이어짐),,,EVIDENCE_2018 (편집 카드),같은 카드,같은 화면 이어짐,자동유도 = 당시 2020년 이후 계획 / 운전자 직접 운행,편집 요약,S01 S02,,,
B18,4 청라의 기록,S16c,"다시 말해, 앞에서 본 같은 선을 반복하는 정밀 주행은 당시 청라 운행의 전제가 아니었습니다.",37,7.1,EVIDENCE_2018 (편집 카드),같은 카드,같은 화면 이어짐,앞의 '같은 선 반복' ≠ 당시 청라 운행 조건,편집 요약,S01,,,
B19,4 청라의 기록,S17,"이천이십년 말 기관들이 낸 설명 자료에 나오는 문제도 도로가 아니라 차량 쪽이었습니다. 차체 보강, 배터리 장치의 고압 퓨즈 개선, 기어박스 누유 보수 같은 내용이었죠.",67,12.9,04_ASSETS/KF17_L_FHD_UPSCALED.jpg,F07 정비고 느린 돌리인,하드컷,2020.12 기관 설명: 차체 보강 · 고압 퓨즈 개선 · 기어박스 누유,AI 설명용 이미지 · 실제 고장 부위 아님,S03 S04,,,
B20,4 청라의 기록,S18,"인천경제청은 보수와 검증을 거쳐 그해 십일월부터 정상 운행 중이라고 밝혔지만, 누유 등 일부 보수는 남아 있었습니다.",48,9.2,EVIDENCE_2020 (편집 카드),Flow 사용 안 함 · 배경=KF17 흐림,하드컷,2020.11.09부터 정상 운행 발표 / 일부 누유 보수 남음,편집 요약 · 원문 화면 아님,S04,,,
B21,5 정류장 포장,S19,그렇다면 도로 공학은 이런 반복 하중을 어떻게 풀어내고 있을까요? 서울의 버스 정류장에 단서가 있습니다. 정류장 앞 구간만 아스팔트 대신 콘크리트로 포장된 곳들이 있습니다.,71,13.7,04_ASSETS/KF01-H_L_FHD_UPSCALED.jpg,F08 정류장 앰비언스,하드컷,서울 정류장 콘크리트 포장 (개념 재현),AI 재현,S05,,,
B22,5 정류장 포장,S20,"대형 버스가 늘 비슷한 자리에 서고 다시 출발하면서, 무거운 하중에 제동과 출발 때 노면을 밀어내는 힘까지 같은 곳에 되풀이되기 때문입니다.",57,11.0,04_ASSETS/KF02_L_FHD_UPSCALED.jpg,F09 버스 출발,하드컷,반복 하중 + 제동·출발의 수평력,AI 재현,S05 S15,,,
B23,5 정류장 포장,S21,"서울시는 이천십년 공항대로에 콘크리트 포장을 시범 설치했고, 이천이십년에는 정류장 여덟 곳으로 확대를 추진했습니다.",50,9.6,04_ASSETS/KF01_L_FHD_UPSCALED.jpg,정지 또는 F08과 같은 방식,하드컷,2010 공항대로 시범 / 2020 여덟 곳 추진,AI 재현,S05,,,
B24,6 정밀 주행에 맞는 길,S22,"정밀하게 경로를 지키는 차량을 들이려면, 하중이 몰리는 바로 그 좁은 길목의 포장까지 함께 설계에 넣어야 합니다.",46,8.8,04_ASSETS/KF04_L_FHD_UPSCALED.jpg,F10 슬래브 안착,하드컷,하중이 몰리는 자리 = 설계 조건,AI 재현,S06,,,
B25,6 정밀 주행에 맞는 길,S23,"이미 이천구년에 출원된 국내 특허도 유도 차량의 집중 하중이 포장 변형으로 이어질 수 있다고 보고, 콘크리트 포장과 변형을 줄이는 재료, 보수 방안을 함께 다뤘습니다.",67,12.9,EVIDENCE_PATENT (편집 카드),Flow 사용 안 함 · 배경=RUT_0 흐림,하드컷,KR100972385B1 · 2009 출원 · 2010 공고,편집 요약 · 원문 화면 아님,S06,,,
B26,6 정밀 주행에 맞는 길,S24,여기에 표면 아래 지지층과 시공 품질도 함께 뒷받침되어야 합니다. 홈은 표면만의 문제가 아니기 때문입니다.,44,8.5,04_ASSETS/RUT_0_L_FHD_UPSCALED.jpg,정지,하드컷,표층 / 지지층 · 시공 품질,AI 재현,S14,,,
B27,6 정밀 주행에 맞는 길,S25,"자율주행 연구에서는 흥미로운 역발상도 나왔습니다. 차가 늘 같은 선 위로만 달리면 포장 수명에 불리할 수 있으니, 제어 단계에서 일부러 좌우 위치를 조금씩 흩뜨려 하중을 나누자는 것입니다.",77,14.8,04_ASSETS/WET_B_R7_SELECTED_NATIVE_LIMITED.png,정지,하드컷,같은 선 반복,AI 재현 · 개념 설명,S07,,,
B27,6 정밀 주행에 맞는 길,S26,(위 블록 이어짐),,,04_ASSETS/WET_A_L_FHD_UPSCALED.jpg,"정지 (B→A 하드컷, 모핑 금지)",하드컷,"좌우 분산 제어 검토 (Zhou 외, 2019)",AI 재현 · 개념 설명,S07,,,
B28,7 차량 바깥까지가 설계,S27,"한 치의 오차 없이 길을 따라가는 정밀한 기술. 그것은 분명 진보입니다. 하지만 그 기술이 현실 위를 온전히 달리려면, 차량뿐 아니라 그 무게를 받아낼 도로와 하부 구조까지 하나의 시스템으로 설계되어야 합니다.",84,16.2,04_ASSETS/KF07_L_FHD_UPSCALED.jpg,F05 재사용,하드컷,차량 / 도로 / 하부 구조 (순차),AI 재현,,,,
B29,7 차량 바깥까지가 설계,S28,바퀴가 지나간 뒤에도 오랫동안 버텨 줄 도로의 수명까지 내다보는 일.,28,5.4,04_ASSETS/LOOP_WHEEL_L_FHD_UPSCALED.jpg,F01 바퀴 구름(구간 c),하드컷,,AI 재현,,,,
B30,7 차량 바깥까지가 설계,S29,"레일은 걷어낼 수 있었을지 몰라도, 도로에 새겨지는 하중의 법칙까지 걷어낼 수는 없습니다.",37,7.1,04_ASSETS/LOOP_EMPTY_L_FHD_UPSCALED.jpg,F03 · 구름음만 멀어짐 · 홀드 2~3초,하드컷,,AI 재현,,,,
