frame,dx_px,wheel_deg_ccw_screen,expected_deg,contact_point_velocity_px_per_frame
0,0,0.0000,0.0000,0.000000
1,0,0.0000,0.0000,0.000000
2,0,0.0000,0.0000,0.000000
3,0,0.0000,0.0000,0.000000
4,0,0.0000,0.0000,0.000000
5,0,0.0000,0.0000,0.000000
6,0,0.0000,0.0000,0.000000
7,0,0.0000,0.0000,0.000000
8,0,0.0000,0.0000,0.000000
9,0,0.0000,0.0000,0.000000
10,0,0.0000,0.0000,0.000000
11,0,0.0000,0.0000,0.000000
12,0,0.0000,0.0000,0.000000
13,0,0.0000,0.0000,0.000000
14,0,0.0000,0.0000,0.000000
15,-1,0.2407,0.2407,0.000000
16,-1,0.2407,0.2407,0.000000
17,-2,0.4815,0.4815,0.000000
18,-2,0.4815,0.4815,0.000000
19,-3,0.7222,0.7222,0.000000
20,-4,0.9630,0.9630,-0.000000
21,-5,1.2037,1.2037,0.000000
22,-7,1.6852,1.6852,-0.000000
23,-8,1.9259,1.9259,-0.000000
24,-9,2.1666,2.1666,-0.000000
25,-11,2.6481,2.6481,0.000000
26,-13,3.1296,3.1296,-0.000000
27,-15,3.6111,3.6111,-0.000000
28,-17,4.0926,4.0926,-0.000000
29,-19,4.5740,4.5740,-0.000000
30,-21,5.0555,5.0555,0.000000
31,-23,5.5370,5.5370,-0.000000
32,-25,6.0185,6.0185,-0.000000
33,-28,6.7407,6.7407,-0.000000
34,-31,7.4629,7.4629,0.000000
35,-33,7.9444,7.9444,-0.000000
36,-36,8.6666,8.6666,-0.000000
37,-39,9.3888,9.3888,0.000000
38,-42,10.1110,10.1110,0.000000
39,-45,10.8332,10.8332,-0.000000
40,-48,11.5555,11.5555,0.000000
41,-51,12.2777,12.2777,-0.000000
42,-54,12.9999,12.9999,0.000000
43,-58,13.9628,13.9628,-0.000000
44,-61,14.6851,14.6851,-0.000000
45,-65,15.6480,15.6480,-0.000000
46,-68,16.3702,16.3702,0.000000
47,-72,17.3332,17.3332,-0.000000
48,-76,18.2961,18.2961,-0.000000
49,-79,19.0183,19.0183,0.000000
50,-83,19.9813,19.9813,-0.000000
51,-87,20.9443,20.9443,-0.000000
52,-91,21.9072,21.9072,-0.000000
53,-94,22.6294,22.6294,0.000000
54,-98,23.5924,23.5924,-0.000000
55,-102,24.5553,24.5553,-0.000000
56,-106,25.5183,25.5183,0.000000
57,-110,26.4812,26.4812,-0.000000
58,-114,27.4442,27.4442,-0.000000
59,-118,28.4072,28.4072,-0.000000
60,-122,29.3701,29.3701,-0.000000
61,-126,30.3331,30.3331,0.000000
62,-130,31.2960,31.2960,-0.000000
63,-134,32.2590,32.2590,0.000000
64,-138,33.2219,33.2219,0.000000
65,-142,34.1849,34.1849,-0.000000
66,-146,35.1478,35.1478,0.000000
67,-149,35.8700,35.8700,-0.000000
68,-153,36.8330,36.8330,0.000000
69,-157,37.7960,37.7960,-0.000000
70,-161,38.7589,38.7589,0.000000
71,-164,39.4811,39.4811,-0.000000
72,-168,40.4441,40.4441,0.000000
73,-172,41.4070,41.4070,-0.000000
74,-175,42.1292,42.1292,0.000000
75,-179,43.0922,43.0922,-0.000000
76,-182,43.8144,43.8144,-0.000000
77,-186,44.7774,44.7774,0.000000
78,-189,45.4996,45.4996,-0.000000
79,-192,46.2218,46.2218,0.000000
80,-195,46.9440,46.9440,-0.000000
81,-198,47.6662,47.6662,0.000000
82,-201,48.3885,48.3885,-0.000000
83,-204,49.1107,49.1107,-0.000000
84,-207,49.8329,49.8329,0.000000
85,-209,50.3144,50.3144,-0.000000
86,-212,51.0366,51.0366,0.000000
87,-215,51.7588,51.7588,-0.000000
88,-217,52.2403,52.2403,-0.000000
89,-219,52.7217,52.7217,-0.000000
90,-221,53.2032,53.2032,0.000000
91,-223,53.6847,53.6847,-0.000000
92,-225,54.1662,54.1662,-0.000000
93,-227,54.6477,54.6477,0.000000
94,-229,55.1291,55.1291,-0.000000
95,-231,55.6106,55.6106,-0.000000
96,-232,55.8513,55.8513,-0.000000
97,-233,56.0921,56.0921,-0.000000
98,-235,56.5736,56.5736,0.000000
99,-236,56.8143,56.8143,-0.000000
100,-237,57.0550,57.0550,-0.000000
101,-238,57.2958,57.2958,-0.000000
102,-238,57.2958,57.2958,0.000000
103,-239,57.5365,57.5365,-0.000000
104,-239,57.5365,57.5365,0.000000
105,-240,57.7773,57.7773,-0.000000
106,-240,57.7773,57.7773,0.000000
107,-240,57.7773,57.7773,0.000000
108,-240,57.7773,57.7773,0.000000
109,-240,57.7773,57.7773,0.000000
110,-240,57.7773,57.7773,0.000000
111,-240,57.7773,57.7773,0.000000
112,-240,57.7773,57.7773,0.000000
113,-240,57.7773,57.7773,0.000000
114,-240,57.7773,57.7773,0.000000
115,-240,57.7773,57.7773,0.000000
116,-240,57.7773,57.7773,0.000000
117,-240,57.7773,57.7773,0.000000
118,-240,57.7773,57.7773,0.000000
119,-240,57.7773,57.7773,0.000000
