frame,dx_px,dy_px,scale
0,-300,0,1.0
1,-300,0,1.0
2,-300,0,1.0
3,-300,0,1.0
4,-300,0,1.0
5,-300,0,1.0
6,-300,0,1.0
7,-300,0,1.0
8,-300,0,1.0
9,-300,0,1.0
10,-300,0,1.0
11,-300,0,1.0
12,-300,0,1.0
13,-300,0,1.0
14,-299,0,1.0
15,-298,0,1.0
16,-297,0,1.0
17,-296,0,1.0
18,-294,0,1.0
19,-292,0,1.0
20,-289,0,1.0
21,-287,0,1.0
22,-283,0,1.0
23,-280,0,1.0
24,-276,0,1.0
25,-272,0,1.0
26,-268,0,1.0
27,-264,0,1.0
28,-259,0,1.0
29,-253,0,1.0
30,-248,0,1.0
31,-242,0,1.0
32,-236,0,1.0
33,-230,0,1.0
34,-224,0,1.0
35,-217,0,1.0
36,-210,0,1.0
37,-203,0,1.0
38,-195,0,1.0
39,-188,0,1.0
40,-180,0,1.0
41,-172,0,1.0
42,-164,0,1.0
43,-155,0,1.0
44,-147,0,1.0
45,-138,0,1.0
46,-129,0,1.0
47,-120,0,1.0
48,-111,0,1.0
49,-102,0,1.0
50,-93,0,1.0
51,-83,0,1.0
52,-73,0,1.0
53,-64,0,1.0
54,-54,0,1.0
55,-44,0,1.0
56,-35,0,1.0
57,-25,0,1.0
58,-15,0,1.0
59,-5,0,1.0
60,5,0,1.0
61,15,0,1.0
62,25,0,1.0
63,35,0,1.0
64,44,0,1.0
65,54,0,1.0
66,64,0,1.0
67,73,0,1.0
68,83,0,1.0
69,93,0,1.0
70,102,0,1.0
71,111,0,1.0
72,120,0,1.0
73,129,0,1.0
74,138,0,1.0
75,147,0,1.0
76,155,0,1.0
77,164,0,1.0
78,172,0,1.0
79,180,0,1.0
80,188,0,1.0
81,195,0,1.0
82,203,0,1.0
83,210,0,1.0
84,217,0,1.0
85,224,0,1.0
86,230,0,1.0
87,236,0,1.0
88,242,0,1.0
89,248,0,1.0
90,253,0,1.0
91,259,0,1.0
92,264,0,1.0
93,268,0,1.0
94,272,0,1.0
95,276,0,1.0
96,280,0,1.0
97,283,0,1.0
98,287,0,1.0
99,289,0,1.0
100,292,0,1.0
101,294,0,1.0
102,296,0,1.0
103,297,0,1.0
104,298,0,1.0
105,299,0,1.0
106,300,0,1.0
107,300,0,1.0
108,300,0,1.0
109,300,0,1.0
110,300,0,1.0
111,300,0,1.0
112,300,0,1.0
113,300,0,1.0
114,300,0,1.0
115,300,0,1.0
116,300,0,1.0
117,300,0,1.0
118,300,0,1.0
119,300,0,1.0
